"id","path__x","path__y","labelName"
"cjxh03vc2001301l61porbo1h","14.93","58.7","lung-carcinoma"
"","14.93","58.84",""
"","15.08","58.99",""
"","15.08","59.13",""
"","15.38","59.27",""
"","15.54","59.42",""
"","15.54","59.56",""
"","15.84","59.85",""
"","16.15","59.99",""
"","16.6","60.13",""
"","16.76","60.28",""
"","17.06","60.28",""
"","17.37","60.56",""
"","17.67","60.71",""
"","17.82","60.71",""
"","18.13","60.99",""
"","18.28","61.14",""
"","18.43","61.14",""
"","18.59","61.14",""
"","18.74","61.14",""
"","18.89","61.14",""
"","19.04","61.14",""
"","19.2","61.14",""
"","19.35","61.14",""
"","19.65","60.99",""
"","19.96","60.85",""
"","20.11","60.85",""
"","20.87","60.42",""
"","21.18","60.28",""
"","21.64","59.99",""
"","21.79","59.99",""
"","21.94","59.85",""
"","22.09","59.7",""
"","22.25","59.7",""
"","22.25","59.56",""
"","22.4","59.42",""
"","22.55","59.42",""
"","22.7","59.42",""
"","22.86","59.42",""
"","23.01","59.42",""
"","23.16","59.42",""
"","23.31","59.42",""
"","23.47","59.42",""
"","23.77","59.42",""
"","23.92","59.42",""
"","24.08","59.42",""
"","24.23","59.42",""
"","24.38","59.42",""
"","24.38","59.56",""
"","24.53","59.56",""
"","24.69","59.56",""
"","24.69","59.7",""
"","24.84","59.85",""
"","24.84","59.99",""
"","24.84","60.13",""
"","24.99","60.28",""
"","24.99","60.42",""
"","25.14","60.56",""
"","25.14","60.85",""
"","25.14","61.14",""
"","25.14","61.28",""
"","25.14","61.42",""
"","25.3","61.42",""
"","25.3","61.57",""
"","25.3","61.71",""
"","25.45","61.85",""
"","25.45","62",""
"","25.45","62.14",""
"","25.6","62.28",""
"","25.6","62.57",""
"","25.6","62.71",""
"","25.6","62.86",""
"","25.75","63",""
"","25.75","63.14",""
"","25.75","63.29",""
"","25.75","63.43",""
"","25.75","63.57",""
"","25.75","63.72",""
"","25.75","63.86",""
"","25.75","64.15",""
"","25.91","64.43",""
"","25.91","64.58",""
"","25.91","64.72",""
"","25.91","64.86",""
"","25.91","65.01",""
"","26.06","65.01",""
"","26.21","65.01",""
"","26.36","65.01",""
"","26.97","65.01",""
"","27.58","65.01",""
"","27.74","65.01",""
"","27.89","65.01",""
"","28.04","65.01",""
"","28.19","65.01",""
"","28.35","65.01",""
"","28.65","65.01",""
"","28.8","65.01",""
"","28.96","65.01",""
"","28.96","65.15",""
"","29.11","65.15",""
"","29.41","65.15",""
"","29.57","65.15",""
"","29.72","65.15",""
"","29.87","65.15",""
"","30.02","65.15",""
"","30.18","65.15",""
"","30.33","65.15",""
"","30.48","65.15",""
"","30.48","65.01",""
"","30.63","65.01",""
"","30.79","64.86",""
"","30.94","64.86",""
"","30.94","64.72",""
"","31.09","64.72",""
"","31.24","64.58",""
"","31.7","64.15",""
"","32.16","63.86",""
"","32.46","63.43",""
"","32.62","63.43",""
"","32.77","63.14",""
"","32.92","63.14",""
"","32.92","63",""
"","33.07","63",""
"","33.38","62.71",""
"","33.84","62.28",""
"","34.29","61.71",""
"","34.45","61.71",""
"","34.75","61.42",""
"","34.9","61.42",""
"","34.9","61.28",""
"","35.06","60.99",""
"","35.51","60.71",""
"","35.97","60.28",""
"","36.28","59.85",""
"","36.43","59.7",""
"","36.58","59.56",""
"","36.73","59.42",""
"","36.89","59.27",""
"","37.04","59.13",""
"","37.34","58.7",""
"","37.5","58.7",""
"","37.65","58.41",""
"","37.8","58.27",""
"","37.95","58.27",""
"","38.11","58.13",""
"","38.11","57.98",""
"","38.41","57.84",""
"","38.87","57.55",""
"","39.02","57.41",""
"","39.33","57.12",""
"","39.63","56.98",""
"","39.78","56.84",""
"","39.94","56.69",""
"","40.09","56.55",""
"","40.24","56.41",""
"","40.39","56.26",""
"","40.55","56.12",""
"","40.7","55.98",""
"","40.85","55.98",""
"","41","55.83",""
"","41.16","55.69",""
"","41.31","55.55",""
"","41.46","55.4",""
"","41.61","55.4",""
"","41.77","55.26",""
"","41.92","55.26",""
"","41.92","55.11",""
"","42.07","54.97",""
"","42.38","54.83",""
"","42.68","54.68",""
"","42.83","54.68",""
"","42.83","54.54",""
"","42.99","54.54",""
"","42.99","54.4",""
"","43.29","54.25",""
"","43.44","54.25",""
"","43.6","54.11",""
"","43.75","53.97",""
"","43.9","53.97",""
"","43.9","53.82",""
"","44.05","53.82",""
"","44.21","53.68",""
"","44.36","53.54",""
"","44.51","53.54",""
"","44.66","53.39",""
"","44.82","53.39",""
"","44.82","53.25",""
"","44.97","53.25",""
"","45.27","53.11",""
"","45.43","53.11",""
"","45.73","53.11",""
"","45.88","52.96",""
"","46.19","52.96",""
"","46.49","52.82",""
"","46.65","52.82",""
"","46.95","52.82",""
"","47.1","52.82",""
"","47.26","52.82",""
"","47.41","52.82",""
"","47.56","52.82",""
"","47.71","52.82",""
"","47.87","52.82",""
"","48.02","52.82",""
"","48.17","52.82",""
"","48.32","52.82",""
"","48.48","52.82",""
"","48.63","52.82",""
"","48.78","52.82",""
"","48.93","52.82",""
"","49.09","52.82",""
"","49.24","52.82",""
"","49.24","52.96",""
"","49.39","52.96",""
"","49.54","52.96",""
"","49.54","53.11",""
"","49.7","53.11",""
"","49.85","53.11",""
"","50","53.11",""
"","50.3","53.11",""
"","50.46","53.11",""
"","50.61","53.11",""
"","50.76","53.11",""
"","50.91","53.11",""
"","50.91","52.96",""
"","50.91","52.82",""
"","50.91","52.96",""
"","50.91","53.11",""
"","50.91","53.25",""
"","50.76","53.25",""
"","50.76","53.39",""
"","50.76","53.54",""
"","50.76","53.68",""
"","50.76","53.82",""
"","50.76","53.97",""
"","50.76","54.11",""
"","50.91","54.11",""
"","51.07","54.11",""
"","51.22","54.11",""
"","51.37","54.11",""
"","51.52","54.11",""
"","51.68","54.11",""
"","51.83","54.11",""
"","51.98","54.11",""
"","52.13","54.11",""
"","52.29","54.11",""
"","52.44","54.11",""
"","52.59","54.11",""
"","53.05","54.11",""
"","53.2","54.11",""
"","53.51","54.25",""
"","53.66","54.25",""
"","53.96","54.25",""
"","54.12","54.25",""
"","54.42","54.4",""
"","54.73","54.54",""
"","54.88","54.54",""
"","55.03","54.68",""
"","55.34","54.68",""
"","55.64","54.97",""
"","55.95","55.11",""
"","56.25","55.11",""
"","56.4","55.26",""
"","56.56","55.26",""
"","56.56","55.4",""
"","56.86","55.4",""
"","57.01","55.4",""
"","57.17","55.55",""
"","57.32","55.55",""
"","57.47","55.69",""
"","57.47","55.83",""
"","57.78","55.83",""
"","57.93","55.83",""
"","58.08","55.98",""
"","58.39","55.98",""
"","58.54","55.98",""
"","59","55.98",""
"","59.15","55.98",""
"","59.3","55.98",""
"","59.45","55.98",""
"","59.76","55.98",""
"","60.06","55.98",""
"","60.22","55.83",""
"","60.37","55.83",""
"","60.52","55.83",""
"","60.67","55.69",""
"","60.83","55.69",""
"","60.98","55.69",""
"","61.13","55.55",""
"","61.44","55.4",""
"","61.59","55.4",""
"","61.74","55.26",""
"","61.89","55.11",""
"","62.05","54.97",""
"","62.2","54.97",""
"","62.66","54.68",""
"","62.81","54.68",""
"","62.96","54.54",""
"","63.42","54.4",""
"","63.57","54.4",""
"","64.18","54.11",""
"","64.49","53.97",""
"","64.79","53.97",""
"","65.25","53.82",""
"","65.55","53.68",""
"","65.71","53.68",""
"","66.16","53.54",""
"","66.32","53.39",""
"","66.47","53.39",""
"","66.62","53.39",""
"","66.93","53.39",""
"","67.08","53.25",""
"","67.23","53.25",""
"","67.38","53.11",""
"","67.54","52.96",""
"","67.84","52.82",""
"","67.99","52.82",""
"","68.15","52.68",""
"","68.3","52.53",""
"","68.45","52.53",""
"","68.6","52.53",""
"","68.76","52.53",""
"","68.91","52.53",""
"","69.06","52.53",""
"","69.21","52.68",""
"","69.21","52.82",""
"","69.21","52.96",""
"","69.21","53.11",""
"","69.06","53.25",""
"","69.06","53.54",""
"","69.06","53.82",""
"","69.06","54.11",""
"","69.06","54.25",""
"","68.91","54.54",""
"","68.91","54.83",""
"","68.91","54.97",""
"","68.76","55.4",""
"","68.76","55.69",""
"","68.76","55.83",""
"","68.76","55.98",""
"","68.76","56.12",""
"","68.76","56.26",""
"","68.6","56.41",""
"","68.45","56.41",""
"","68.45","56.69",""
"","68.3","56.84",""
"","68.15","56.98",""
"","68.15","57.27",""
"","67.99","57.41",""
"","67.84","57.7",""
"","67.84","57.84",""
"","67.69","58.13",""
"","67.69","58.27",""
"","67.54","58.27",""
"","67.54","58.41",""
"","67.38","58.56",""
"","67.38","58.7",""
"","67.23","58.7",""
"","67.08","58.84",""
"","66.93","58.99",""
"","66.93","59.13",""
"","66.77","59.27",""
"","66.77","59.42",""
"","66.62","59.42",""
"","66.47","59.42",""
"","66.32","59.42",""
"","66.16","59.42",""
"","65.71","59.42",""
"","65.25","59.42",""
"","64.49","59.42",""
"","63.88","59.42",""
"","63.42","59.42",""
"","63.27","59.42",""
"","63.11","59.42",""
"","62.96","59.42",""
"","62.81","59.56",""
"","62.81","59.7",""
"","62.81","59.85",""
"","62.96","59.85",""
"","63.11","59.85",""
"","63.42","59.85",""
"","63.57","59.85",""
"","63.72","59.85",""
"","63.88","59.85",""
"","64.03","59.85",""
"","64.18","59.85",""
"","64.49","59.85",""
"","64.64","59.85",""
"","64.79","59.85",""
"","64.94","59.85",""
"","65.1","59.85",""
"","65.25","59.85",""
"","65.4","59.85",""
"","65.55","59.99",""
"","65.71","59.99",""
"","65.71","60.13",""
"","65.86","60.13",""
"","66.01","60.28",""
"","66.16","60.42",""
"","66.16","60.56",""
"","66.32","60.85",""
"","66.32","60.99",""
"","66.47","60.99",""
"","66.47","61.14",""
"","66.47","61.28",""
"","66.47","61.42",""
"","66.47","61.57",""
"","66.47","61.71",""
"","66.47","61.85",""
"","66.47","62",""
"","66.32","62",""
"","66.16","62.14",""
"","66.01","62.14",""
"","65.86","62.28",""
"","65.71","62.43",""
"","65.55","62.57",""
"","65.4","62.57",""
"","65.4","62.71",""
"","65.25","62.86",""
"","65.25","63",""
"","65.1","63",""
"","65.1","63.14",""
"","64.94","63.29",""
"","64.79","63.29",""
"","64.79","63.43",""
"","64.64","63.57",""
"","64.49","63.72",""
"","64.49","63.86",""
"","64.49","64",""
"","64.49","64.15",""
"","64.49","64.29",""
"","64.49","64.43",""
"","64.64","64.43",""
"","64.64","64.58",""
"","64.64","64.72",""
"","64.79","64.72",""
"","64.79","64.86",""
"","64.94","65.01",""
"","64.94","65.15",""
"","65.1","65.15",""
"","65.1","65.29",""
"","65.25","65.44",""
"","65.4","65.72",""
"","65.55","65.72",""
"","65.55","65.87",""
"","65.71","66.01",""
"","65.71","66.15",""
"","65.86","66.15",""
"","65.86","66.3",""
"","65.86","66.44",""
"","65.86","66.73",""
"","66.01","66.87",""
"","66.01","67.01",""
"","66.01","67.44",""
"","66.16","67.73",""
"","66.16","68.02",""
"","66.16","68.3",""
"","66.16","68.45",""
"","66.16","68.59",""
"","66.16","68.73",""
"","66.16","68.88",""
"","66.16","69.02",""
"","66.16","69.17",""
"","66.16","69.31",""
"","66.16","69.02",""
"","66.16","68.88",""
"","66.16","69.02",""
"","66.01","69.17",""
"","66.01","69.31",""
"","65.86","69.31",""
"","65.86","69.45",""
"","65.71","69.6",""
"","65.55","69.74",""
"","65.55","69.88",""
"","65.25","70.46",""
"","65.1","70.89",""
"","65.1","71.32",""
"","64.79","71.75",""
"","64.79","72.03",""
"","64.79","72.18",""
"","64.79","72.32",""
"","64.79","72.46",""
"","64.79","72.61",""
"","64.79","72.75",""
"","64.79","72.89",""
"","64.79","73.18",""
"","64.79","73.32",""
"","64.79","73.47",""
"","64.79","73.61",""
"","64.79","73.75",""
"","64.79","74.18",""
"","64.79","74.33",""
"","64.79","74.47",""
"","64.79","74.61",""
"","64.79","74.9",""
"","64.79","75.04",""
"","64.79","75.33",""
"","64.79","75.47",""
"","64.64","75.76",""
"","64.64","75.9",""
"","64.64","76.05",""
"","64.49","76.19",""
"","64.49","76.33",""
"","64.33","76.33",""
"","64.33","76.48",""
"","64.33","76.62",""
"","64.18","76.62",""
"","64.03","76.76",""
"","63.88","76.76",""
"","63.72","76.76",""
"","63.57","76.76",""
"","63.42","76.76",""
"","63.27","76.76",""
"","63.11","76.76",""
"","62.81","76.62",""
"","62.5","76.62",""
"","62.2","76.62",""
"","61.59","76.48",""
"","61.28","76.48",""
"","61.13","76.48",""
"","60.98","76.48",""
"","60.83","76.48",""
"","60.67","76.48",""
"","60.52","76.48",""
"","60.37","76.48",""
"","60.22","76.48",""
"","60.06","76.48",""
"","59.91","76.48",""
"","59.76","76.62",""
"","59.61","76.62",""
"","59.3","76.76",""
"","59.15","76.91",""
"","58.84","77.05",""
"","58.69","77.05",""
"","58.39","77.19",""
"","58.23","77.34",""
"","57.93","77.62",""
"","57.78","77.77",""
"","57.32","78.05",""
"","57.17","78.05",""
"","57.17","78.2",""
"","57.01","78.2",""
"","57.01","78.34",""
"","56.86","78.34",""
"","56.86","78.48",""
"","56.71","78.48",""
"","56.71","78.63",""
"","56.71","78.77",""
"","56.56","78.91",""
"","56.56","79.06",""
"","56.56","79.34",""
"","56.4","79.49",""
"","56.4","79.77",""
"","56.25","80.06",""
"","56.25","80.2",""
"","56.25","80.35",""
"","56.25","80.49",""
"","56.25","80.63",""
"","56.25","80.92",""
"","56.25","81.06",""
"","56.25","81.21",""
"","56.25","81.35",""
"","56.25","81.49",""
"","56.25","81.64",""
"","56.25","81.78",""
"","56.25","81.92",""
"","56.25","82.07",""
"","56.25","82.21",""
"","56.25","82.36",""
"","56.1","82.36",""
"","55.95","82.36",""
"","55.79","82.36",""
"","55.64","82.36",""
"","55.49","82.5",""
"","55.34","82.5",""
"","55.03","82.5",""
"","55.03","82.64",""
"","54.88","82.64",""
"","54.73","82.64",""
"","54.57","82.79",""
"","54.27","82.93",""
"","54.12","82.93",""
"","53.96","83.07",""
"","53.81","83.07",""
"","53.81","83.22",""
"","53.66","83.22",""
"","53.51","83.36",""
"","53.35","83.36",""
"","53.2","83.5",""
"","53.05","83.5",""
"","52.9","83.79",""
"","52.74","83.93",""
"","52.74","84.08",""
"","52.59","84.08",""
"","52.44","84.22",""
"","52.13","84.22",""
"","52.13","84.36",""
"","51.83","84.51",""
"","51.68","84.51",""
"","51.68","84.65",""
"","51.52","84.65",""
"","51.37","84.79",""
"","51.22","84.94",""
"","51.22","85.08",""
"","51.22","85.37",""
"","51.22","85.51",""
"","51.22","85.65",""
"","51.22","85.8",""
"","51.37","86.08",""
"","51.37","86.23",""
"","51.37","86.37",""
"","51.52","86.51",""
"","51.68","86.66",""
"","51.83","86.8",""
"","51.98","86.8",""
"","52.13","86.94",""
"","52.29","86.94",""
"","52.44","86.94",""
"","52.59","86.94",""
"","52.74","86.94",""
"","52.9","86.94",""
"","53.05","86.94",""
"","53.2","86.94",""
"","53.35","86.94",""
"","53.51","86.94",""
"","53.66","86.94",""
"","53.81","86.94",""
"","53.96","86.94",""
"","54.12","86.94",""
"","54.27","86.94",""
"","54.27","86.8",""
"","54.27","86.66",""
"","54.27","86.51",""
"","54.12","86.51",""
"","54.12","86.37",""
"","54.12","86.23",""
"","53.96","86.23",""
"","53.81","86.23",""
"","53.81","86.08",""
"","53.81","85.94",""
"","53.81","85.8",""
"","53.96","85.65",""
"","53.96","85.51",""
"","54.12","85.51",""
"","54.12","85.37",""
"","54.27","85.37",""
"","54.27","85.22",""
"","54.57","85.22",""
"","54.57","85.08",""
"","54.73","85.08",""
"","54.88","85.08",""
"","55.03","85.08",""
"","55.18","85.08",""
"","55.18","85.22",""
"","55.34","85.22",""
"","55.34","85.37",""
"","55.49","85.37",""
"","55.49","85.51",""
"","55.49","85.65",""
"","55.64","85.94",""
"","55.64","86.08",""
"","55.79","86.23",""
"","55.79","86.51",""
"","55.95","86.66",""
"","55.95","86.8",""
"","55.95","86.94",""
"","56.1","86.94",""
"","56.1","87.09",""
"","56.1","87.23",""
"","56.25","87.23",""
"","56.25","87.37",""
"","56.4","87.37",""
"","56.56","87.52",""
"","56.71","87.52",""
"","56.86","87.66",""
"","57.17","87.8",""
"","57.32","87.8",""
"","57.47","87.95",""
"","57.93","88.09",""
"","58.08","88.09",""
"","58.39","88.23",""
"","58.54","88.23",""
"","58.84","88.38",""
"","59","88.38",""
"","59.15","88.52",""
"","59.45","88.52",""
"","59.61","88.66",""
"","60.06","88.81",""
"","60.22","88.81",""
"","60.37","88.95",""
"","60.98","89.09",""
"","61.13","89.09",""
"","61.28","89.24",""
"","61.59","89.24",""
"","61.74","89.38",""
"","61.89","89.38",""
"","62.05","89.38",""
"","62.2","89.52",""
"","62.66","89.67",""
"","62.81","89.81",""
"","62.96","89.81",""
"","63.27","89.95",""
"","63.57","90.1",""
"","63.88","90.24",""
"","64.18","90.24",""
"","64.33","90.24",""
"","64.64","90.24",""
"","64.79","90.24",""
"","64.94","90.24",""
"","65.4","90.24",""
"","65.71","90.24",""
"","65.86","90.24",""
"","66.01","90.24",""
"","66.32","90.24",""
"","66.62","90.1",""
"","66.77","90.1",""
"","66.93","90.1",""
"","67.08","90.1",""
"","67.38","89.95",""
"","67.38","89.81",""
"","67.54","89.67",""
"","67.69","89.67",""
"","67.84","89.52",""
"","67.99","89.38",""
"","68.15","89.24",""
"","68.15","89.09",""
"","68.3","89.09",""
"","68.3","88.95",""
"","68.45","88.66",""
"","68.6","88.66",""
"","68.6","88.52",""
"","68.76","88.38",""
"","68.76","88.23",""
"","68.91","88.09",""
"","68.91","87.95",""
"","69.21","87.66",""
"","69.21","87.52",""
"","69.37","87.23",""
"","69.52","87.09",""
"","69.67","86.66",""
"","69.82","86.51",""
"","69.82","86.23",""
"","69.98","86.08",""
"","70.13","85.8",""
"","70.13","85.65",""
"","70.28","85.37",""
"","70.43","85.22",""
"","70.59","84.94",""
"","70.59","84.65",""
"","70.74","84.51",""
"","70.89","84.22",""
"","71.04","83.79",""
"","71.2","83.5",""
"","71.5","82.93",""
"","71.65","82.5",""
"","71.81","82.21",""
"","72.42","81.21",""
"","72.57","80.92",""
"","72.72","80.49",""
"","72.72","80.35",""
"","72.87","80.35",""
"","72.87","80.2",""
"","72.87","80.06",""
"","73.03","79.92",""
"","73.03","79.77",""
"","73.18","79.63",""
"","73.33","79.49",""
"","73.48","79.49",""
"","73.48","79.34",""
"","73.64","79.2",""
"","73.79","79.06",""
"","73.94","78.91",""
"","74.09","78.77",""
"","74.25","78.77",""
"","74.55","78.48",""
"","74.7","78.48",""
"","75.16","78.2",""
"","75.31","78.2",""
"","75.47","78.05",""
"","75.92","77.91",""
"","76.08","77.77",""
"","76.23","77.77",""
"","76.38","77.62",""
"","76.69","77.48",""
"","76.84","77.48",""
"","76.99","77.34",""
"","77.14","77.34",""
"","77.14","77.19",""
"","77.3","77.19",""
"","77.3","77.05",""
"","77.45","77.05",""
"","77.6","76.91",""
"","77.6","76.76",""
"","77.75","76.76",""
"","77.91","76.48",""
"","78.06","76.33",""
"","78.21","76.05",""
"","78.36","75.76",""
"","78.52","75.62",""
"","78.67","75.33",""
"","78.67","75.04",""
"","78.82","74.9",""
"","78.82","74.76",""
"","78.97","74.61",""
"","78.97","74.47",""
"","79.13","74.18",""
"","79.13","74.04",""
"","79.13","73.9",""
"","79.28","73.75",""
"","79.28","73.61",""
"","79.28","73.47",""
"","79.28","73.18",""
"","79.28","73.04",""
"","79.28","72.89",""
"","79.28","72.61",""
"","79.28","72.46",""
"","79.28","72.18",""
"","79.28","71.89",""
"","79.28","71.46",""
"","79.28","71.17",""
"","79.28","70.89",""
"","79.28","70.6",""
"","79.28","70.46",""
"","79.28","70.31",""
"","79.28","70.17",""
"","79.28","69.88",""
"","79.28","69.74",""
"","79.28","69.6",""
"","79.28","69.45",""
"","79.28","69.31",""
"","79.28","69.02",""
"","79.28","68.88",""
"","79.28","68.59",""
"","79.28","68.45",""
"","79.28","68.16",""
"","79.28","67.73",""
"","79.28","67.59",""
"","79.28","67.3",""
"","79.28","67.16",""
"","79.13","67.01",""
"","78.97","67.01",""
"","78.82","66.87",""
"","78.82","66.73",""
"","78.67","66.73",""
"","78.67","66.58",""
"","78.52","66.58",""
"","78.52","66.44",""
"","78.52","66.3",""
"","78.36","66.3",""
"","78.36","66.15",""
"","78.21","66.15",""
"","78.21","66.01",""
"","78.21","65.87",""
"","78.06","65.87",""
"","78.06","65.72",""
"","77.91","65.58",""
"","77.75","65.44",""
"","77.45","65.01",""
"","77.3","64.86",""
"","77.3","64.72",""
"","77.14","64.58",""
"","77.14","64.43",""
"","76.84","64.29",""
"","76.84","64.15",""
"","76.69","64.15",""
"","76.53","63.86",""
"","76.38","63.72",""
"","76.23","63.43",""
"","76.08","63.14",""
"","75.92","63",""
"","75.92","62.86",""
"","75.77","62.86",""
"","75.77","62.71",""
"","75.62","62.71",""
"","75.62","62.57",""
"","75.47","62.43",""
"","75.31","62.43",""
"","75.31","62.28",""
"","75.16","62.28",""
"","75.16","62.14",""
"","75.01","62",""
"","74.86","61.85",""
"","74.86","61.71",""
"","74.7","61.71",""
"","74.55","61.57",""
"","74.55","61.42",""
"","74.4","61.28",""
"","74.25","61.14",""
"","74.09","60.99",""
"","73.94","60.85",""
"","73.79","60.71",""
"","73.64","60.56",""
"","73.48","60.28",""
"","73.33","60.13",""
"","73.18","59.99",""
"","73.03","59.99",""
"","73.03","59.85",""
"","72.87","59.7",""
"","73.03","59.56",""
"","73.03","59.42",""
"","73.18","59.42",""
"","73.18","59.27",""
"","73.33","59.13",""
"","73.33","58.99",""
"","73.33","58.84",""
"","73.48","58.56",""
"","73.64","58.41",""
"","73.64","58.27",""
"","73.64","58.13",""
"","73.79","57.84",""
"","73.94","57.55",""
"","74.09","57.27",""
"","74.09","57.12",""
"","74.09","56.98",""
"","74.25","56.84",""
"","74.4","56.55",""
"","74.4","56.41",""
"","74.55","55.98",""
"","74.55","55.69",""
"","74.55","55.4",""
"","74.7","55.11",""
"","74.7","54.97",""
"","74.7","54.68",""
"","74.7","54.4",""
"","74.86","54.11",""
"","74.86","53.97",""
"","74.86","53.82",""
"","74.86","53.54",""
"","75.01","53.25",""
"","75.01","53.11",""
"","75.01","52.82",""
"","75.16","52.68",""
"","75.16","52.53",""
"","75.16","52.25",""
"","75.16","52.1",""
"","75.31","51.96",""
"","75.31","51.82",""
"","75.31","51.67",""
"","75.31","51.53",""
"","75.31","51.39",""
"","75.31","51.24",""
"","75.31","51.1",""
"","75.31","50.96",""
"","75.31","50.81",""
"","75.31","50.67",""
"","75.31","50.53",""
"","75.31","50.38",""
"","75.31","50.24",""
"","75.16","50.24",""
"","75.16","50.1",""
"","75.16","49.95",""
"","75.16","49.81",""
"","75.16","49.67",""
"","75.16","49.52",""
"","75.01","49.52",""
"","75.01","49.24",""
"","75.01","49.09",""
"","75.01","48.81",""
"","75.01","48.66",""
"","75.01","48.52",""
"","75.01","48.09",""
"","75.01","47.95",""
"","75.01","47.8",""
"","75.01","47.66",""
"","75.01","47.52",""
"","75.01","47.37",""
"","75.01","47.23",""
"","75.16","47.23",""
"","75.16","47.09",""
"","75.31","47.09",""
"","75.31","46.94",""
"","75.47","46.94",""
"","75.62","46.8",""
"","75.77","46.8",""
"","75.77","46.66",""
"","75.92","46.66",""
"","76.08","46.51",""
"","76.23","46.51",""
"","76.23","46.37",""
"","76.38","46.37",""
"","76.53","46.37",""
"","76.53","46.23",""
"","76.69","46.23",""
"","76.84","46.08",""
"","76.99","46.08",""
"","77.14","46.08",""
"","77.14","45.94",""
"","77.3","45.94",""
"","77.45","45.8",""
"","77.6","45.8",""
"","77.75","45.65",""
"","77.91","45.65",""
"","77.91","45.51",""
"","78.06","45.51",""
"","78.21","45.51",""
"","78.21","45.37",""
"","78.36","45.37",""
"","78.52","45.22",""
"","78.67","45.22",""
"","78.82","45.22",""
"","78.97","45.08",""
"","79.13","45.08",""
"","79.28","44.94",""
"","79.58","44.94",""
"","79.89","44.79",""
"","80.04","44.79",""
"","80.19","44.65",""
"","80.5","44.65",""
"","80.65","44.51",""
"","80.8","44.51",""
"","80.96","44.36",""
"","81.11","44.36",""
"","81.41","44.36",""
"","81.57","44.22",""
"","81.72","44.22",""
"","81.87","44.22",""
"","81.87","44.08",""
"","82.02","44.08",""
"","82.18","44.08",""
"","82.33","43.93",""
"","82.48","43.93",""
"","82.63","43.79",""
"","82.79","43.79",""
"","82.79","43.65",""
"","82.94","43.65",""
"","83.09","43.65",""
"","83.09","43.5",""
"","83.24","43.5",""
"","83.4","43.5",""
"","83.4","43.36",""
"","83.55","43.36",""
"","83.7","43.22",""
"","83.7","43.07",""
"","83.85","43.07",""
"","83.85","42.93",""
"","84.01","42.93",""
"","84.01","42.79",""
"","84.16","42.79",""
"","84.16","42.64",""
"","84.31","42.64",""
"","84.31","42.5",""
"","84.46","42.5",""
"","84.46","42.36",""
"","84.62","42.36",""
"","84.62","42.21",""
"","84.62","42.07",""
"","84.77","42.07",""
"","84.77","41.92",""
"","84.77","41.78",""
"","84.77","41.64",""
"","84.77","41.49",""
"","84.77","41.35",""
"","84.77","41.21",""
"","84.77","41.06",""
"","84.77","40.92",""
"","84.77","40.78",""
"","84.62","40.78",""
"","84.62","40.63",""
"","84.62","40.49",""
"","84.62","40.35",""
"","84.46","40.2",""
"","84.46","40.06",""
"","84.31","40.06",""
"","84.31","39.92",""
"","84.31","39.77",""
"","84.16","39.77",""
"","84.16","39.63",""
"","84.01","39.63",""
"","84.01","39.49",""
"","84.01","39.34",""
"","83.85","39.34",""
"","83.85","39.2",""
"","83.85","39.06",""
"","83.7","39.06",""
"","83.7","38.91",""
"","83.55","38.91",""
"","83.55","38.77",""
"","83.55","38.63",""
"","83.55","38.48",""
"","83.55","38.34",""
"","83.55","38.2",""
"","83.55","38.05",""
"","83.7","38.05",""
"","83.7","37.91",""
"","83.7","37.77",""
"","83.7","37.62",""
"","83.85","37.62",""
"","83.85","37.48",""
"","83.85","37.34",""
"","83.85","37.19",""
"","84.01","37.19",""
"","84.01","37.05",""
"","84.01","36.91",""
"","84.16","36.76",""
"","84.16","36.62",""
"","84.31","36.48",""
"","84.31","36.33",""
"","84.46","36.19",""
"","84.46","36.05",""
"","84.46","35.9",""
"","84.62","35.76",""
"","84.77","35.62",""
"","84.77","35.47",""
"","84.77","35.33",""
"","84.92","35.19",""
"","85.07","35.04",""
"","85.07","34.9",""
"","85.07","34.76",""
"","85.23","34.76",""
"","85.23","34.61",""
"","85.23","34.47",""
"","85.38","34.33",""
"","85.53","34.04",""
"","85.53","33.75",""
"","85.68","33.47",""
"","85.68","33.18",""
"","85.84","32.89",""
"","85.84","32.75",""
"","85.99","32.46",""
"","86.14","32.32",""
"","86.14","31.89",""
"","86.29","31.6",""
"","86.29","31.46",""
"","86.29","31.17",""
"","86.29","30.6",""
"","86.29","30.31",""
"","86.29","30.03",""
"","86.29","29.74",""
"","86.29","29.45",""
"","86.29","29.31",""
"","86.29","29.02",""
"","86.29","28.88",""
"","86.29","28.59",""
"","86.29","28.16",""
"","86.29","28.02",""
"","86.29","27.87",""
"","86.29","27.73",""
"","86.29","27.59",""
"","86.29","27.44",""
"","86.29","27.3",""
"","86.14","27.3",""
"","86.14","27.16",""
"","86.14","27.01",""
"","86.14","26.87",""
"","85.99","26.87",""
"","85.99","26.73",""
"","85.99","26.58",""
"","85.99","26.44",""
"","85.99","26.3",""
"","85.84","26.15",""
"","85.84","26.01",""
"","85.84","25.87",""
"","85.68","25.87",""
"","85.68","25.72",""
"","85.53","25.58",""
"","85.38","25.44",""
"","85.38","25.29",""
"","85.23","25.29",""
"","85.23","25.15",""
"","85.23","25.01",""
"","85.23","24.86",""
"","85.23","24.72",""
"","85.23","24.58",""
"","85.23","24.43",""
"","85.23","24.29",""
"","85.38","24.29",""
"","85.38","24.15",""
"","85.53","24",""
"","85.68","23.86",""
"","85.84","23.72",""
"","85.99","23.57",""
"","85.99","23.43",""
"","86.14","23.43",""
"","86.29","23.29",""
"","86.45","23.29",""
"","86.45","23.14",""
"","86.6","23.14",""
"","86.6","23",""
"","86.6","22.86",""
"","86.6","22.71",""
"","86.6","22.57",""
"","86.6","22.43",""
"","86.6","22.28",""
"","86.6","22.14",""
"","86.6","22",""
"","86.6","21.85",""
"","86.6","21.71",""
"","86.6","21.57",""
"","86.6","21.42",""
"","86.45","21.42",""
"","86.45","21.28",""
"","86.45","21.14",""
"","86.45","20.99",""
"","86.45","20.85",""
"","86.29","20.71",""
"","86.29","20.56",""
"","86.29","20.42",""
"","86.14","20.42",""
"","86.14","20.28",""
"","85.99","20.28",""
"","85.99","20.13",""
"","85.99","19.99",""
"","85.84","19.99",""
"","85.84","19.85",""
"","85.68","19.85",""
"","85.68","19.7",""
"","85.53","19.7",""
"","85.53","19.56",""
"","85.38","19.56",""
"","85.23","19.56",""
"","85.07","19.56",""
"","84.92","19.42",""
"","84.77","19.42",""
"","84.62","19.42",""
"","84.46","19.27",""
"","84.31","19.27",""
"","84.16","19.27",""
"","84.01","19.27",""
"","83.85","19.27",""
"","83.7","19.13",""
"","83.55","19.13",""
"","83.4","19.13",""
"","83.24","19.13",""
"","83.09","19.13",""
"","82.94","19.13",""
"","82.79","19.13",""
"","82.63","19.13",""
"","82.48","19.13",""
"","82.33","19.13",""
"","82.18","19.13",""
"","82.02","19.13",""
"","81.87","19.13",""
"","81.72","19.13",""
"","81.57","19.13",""
"","81.41","19.13",""
"","81.26","19.13",""
"","81.11","19.13",""
"","80.96","19.13",""
"","80.8","19.13",""
"","80.65","19.13",""
"","80.5","19.13",""
"","80.35","19.13",""
"","80.19","19.13",""
"","80.04","19.13",""
"","79.89","19.13",""
"","79.74","19.13",""
"","79.58","19.13",""
"","79.58","19.27",""
"","79.43","19.27",""
"","79.28","19.27",""
"","79.13","19.27",""
"","78.97","19.27",""
"","78.82","19.27",""
"","78.67","19.27",""
"","78.67","19.42",""
"","78.52","19.42",""
"","78.36","19.42",""
"","78.36","19.56",""
"","78.21","19.56",""
"","78.06","19.56",""
"","77.91","19.56",""
"","77.75","19.7",""
"","77.6","19.7",""
"","77.3","19.7",""
"","77.14","19.85",""
"","76.53","19.99",""
"","76.38","19.99",""
"","76.23","20.13",""
"","76.08","20.13",""
"","75.92","20.13",""
"","75.77","20.28",""
"","75.62","20.28",""
"","75.47","20.42",""
"","75.31","20.42",""
"","75.16","20.42",""
"","75.16","20.56",""
"","75.01","20.56",""
"","75.01","20.71",""
"","74.86","20.71",""
"","74.7","20.71",""
"","74.7","20.85",""
"","74.55","20.85",""
"","74.4","20.99",""
"","74.25","21.14",""
"","74.09","21.14",""
"","74.09","21.28",""
"","73.94","21.28",""
"","73.94","21.42",""
"","73.79","21.42",""
"","73.64","21.57",""
"","73.48","21.71",""
"","73.33","21.71",""
"","73.33","21.85",""
"","73.18","21.85",""
"","72.87","22.14",""
"","72.72","22.14",""
"","72.57","22.28",""
"","72.42","22.28",""
"","72.26","22.28",""
"","72.11","22.28",""
"","72.11","22.43",""
"","71.96","22.57",""
"","71.81","22.71",""
"","71.81","22.86",""
"","71.5","23",""
"","71.35","23",""
"","71.35","23.14",""
"","71.2","23.29",""
"","71.04","23.43",""
"","70.89","23.57",""
"","70.89","23.72",""
"","70.74","23.72",""
"","70.59","23.86",""
"","70.59","24",""
"","70.43","24",""
"","70.28","24.15",""
"","70.13","24.29",""
"","70.13","24.43",""
"","69.98","24.43",""
"","69.98","24.58",""
"","69.82","24.72",""
"","69.82","24.86",""
"","69.67","24.86",""
"","69.67","25.01",""
"","69.52","25.01",""
"","69.52","25.15",""
"","69.37","25.29",""
"","69.37","25.44",""
"","69.21","25.58",""
"","69.21","25.72",""
"","69.06","25.87",""
"","68.91","26.01",""
"","68.91","26.15",""
"","68.76","26.3",""
"","68.76","26.44",""
"","68.76","26.58",""
"","68.6","26.58",""
"","68.6","26.73",""
"","68.6","26.87",""
"","68.45","27.01",""
"","68.45","27.16",""
"","68.45","27.3",""
"","68.45","27.44",""
"","68.45","27.59",""
"","68.45","27.73",""
"","68.45","27.87",""
"","68.45","28.02",""
"","68.45","28.16",""
"","68.45","28.3",""
"","68.45","28.45",""
"","68.45","28.59",""
"","68.45","28.73",""
"","68.45","28.88",""
"","68.45","29.02",""
"","68.45","29.17",""
"","68.45","29.31",""
"","68.45","29.6",""
"","68.45","29.74",""
"","68.45","29.88",""
"","68.3","29.88",""
"","68.3","30.03",""
"","68.15","30.03",""
"","68.15","30.17",""
"","67.99","30.17",""
"","67.99","30.31",""
"","67.84","30.31",""
"","67.84","30.46",""
"","67.69","30.46",""
"","67.69","30.6",""
"","67.69","30.74",""
"","67.54","30.74",""
"","67.54","30.89",""
"","67.54","31.03",""
"","67.54","31.17",""
"","67.54","31.32",""
"","67.54","31.46",""
"","67.54","31.6",""
"","67.54","31.75",""
"","67.54","31.89",""
"","67.54","32.03",""
"","67.54","32.18",""
"","67.69","32.18",""
"","67.69","32.32",""
"","67.69","32.46",""
"","67.84","32.46",""
"","67.84","32.61",""
"","67.84","32.75",""
"","67.84","32.89",""
"","67.99","32.89",""
"","67.99","33.04",""
"","68.15","33.04",""
"","68.15","33.18",""
"","68.15","33.32",""
"","68.3","33.32",""
"","68.3","33.47",""
"","68.3","33.61",""
"","68.45","33.61",""
"","68.45","33.75",""
"","68.45","33.9",""
"","68.6","33.9",""
"","68.6","34.04",""
"","68.6","34.18",""
"","68.76","34.33",""
"","68.76","34.47",""
"","68.91","34.47",""
"","68.91","34.61",""
"","69.06","34.61",""
"","69.06","34.76",""
"","69.21","34.9",""
"","69.37","35.04",""
"","69.37","35.19",""
"","69.52","35.19",""
"","69.67","35.33",""
"","69.82","35.47",""
"","69.98","35.62",""
"","69.98","35.76",""
"","70.13","35.76",""
"","70.28","35.76",""
"","70.28","35.9",""
"","70.43","36.05",""
"","70.59","36.19",""
"","70.74","36.19",""
"","70.74","36.33",""
"","70.89","36.33",""
"","70.89","36.48",""
"","71.04","36.48",""
"","71.04","36.62",""
"","71.2","36.62",""
"","71.2","36.76",""
"","71.35","36.76",""
"","71.35","36.91",""
"","71.5","36.91",""
"","71.5","37.05",""
"","71.65","37.05",""
"","71.65","37.19",""
"","71.81","37.34",""
"","71.96","37.34",""
"","71.96","37.48",""
"","72.11","37.62",""
"","72.26","37.62",""
"","72.26","37.77",""
"","72.26","37.91",""
"","72.26","38.05",""
"","72.11","38.2",""
"","72.11","38.34",""
"","71.96","38.48",""
"","71.96","38.63",""
"","71.81","38.77",""
"","71.81","38.91",""
"","71.81","39.06",""
"","71.65","39.2",""
"","71.65","39.34",""
"","71.5","39.49",""
"","71.5","39.63",""
"","71.5","39.92",""
"","71.35","40.06",""
"","71.35","40.2",""
"","71.2","40.49",""
"","71.2","40.63",""
"","71.04","40.92",""
"","71.04","41.06",""
"","71.04","41.21",""
"","70.89","41.49",""
"","70.89","41.64",""
"","70.74","41.78",""
"","70.74","41.92",""
"","70.59","42.07",""
"","70.59","42.21",""
"","70.43","42.36",""
"","70.43","42.5",""
"","70.28","42.5",""
"","70.13","42.5",""
"","70.13","42.64",""
"","69.98","42.79",""
"","69.98","42.93",""
"","69.82","42.93",""
"","69.67","43.07",""
"","69.52","43.07",""
"","69.37","43.22",""
"","69.21","43.36",""
"","69.06","43.36",""
"","68.91","43.36",""
"","68.91","43.5",""
"","68.76","43.5",""
"","68.6","43.5",""
"","68.45","43.5",""
"","68.45","43.65",""
"","68.3","43.65",""
"","68.15","43.65",""
"","67.99","43.65",""
"","67.99","43.79",""
"","67.84","43.79",""
"","67.69","43.79",""
"","67.54","43.79",""
"","67.38","43.93",""
"","67.23","43.93",""
"","67.08","43.93",""
"","66.93","44.08",""
"","66.77","44.08",""
"","66.62","44.08",""
"","66.62","44.22",""
"","66.47","44.22",""
"","66.32","44.22",""
"","66.16","44.22",""
"","66.01","44.22",""
"","66.01","44.36",""
"","65.86","44.36",""
"","65.71","44.36",""
"","65.55","44.51",""
"","65.4","44.51",""
"","65.25","44.65",""
"","65.1","44.65",""
"","64.94","44.65",""
"","64.79","44.79",""
"","64.64","44.79",""
"","64.49","44.94",""
"","64.33","44.94",""
"","64.18","45.08",""
"","64.03","45.08",""
"","64.03","45.22",""
"","63.88","45.22",""
"","63.72","45.22",""
"","63.57","45.22",""
"","63.42","45.37",""
"","63.27","45.37",""
"","63.11","45.51",""
"","62.96","45.51",""
"","62.81","45.65",""
"","62.66","45.65",""
"","62.5","45.65",""
"","62.35","45.65",""
"","62.35","45.8",""
"","62.2","45.8",""
"","62.05","45.8",""
"","62.05","45.94",""
"","61.89","45.94",""
"","61.74","45.94",""
"","61.74","46.08",""
"","61.59","46.08",""
"","61.44","46.08",""
"","61.28","46.23",""
"","61.13","46.23",""
"","60.98","46.37",""
"","60.83","46.37",""
"","60.67","46.37",""
"","60.67","46.51",""
"","60.52","46.51",""
"","60.37","46.51",""
"","60.22","46.66",""
"","60.06","46.66",""
"","59.91","46.66",""
"","59.91","46.8",""
"","59.76","46.8",""
"","59.61","46.8",""
"","59.45","46.8",""
"","59.3","46.8",""
"","59.3","46.94",""
"","59.15","46.94",""
"","59","46.94",""
"","58.84","47.09",""
"","58.69","47.09",""
"","58.54","47.09",""
"","58.39","47.09",""
"","58.23","47.09",""
"","58.08","47.09",""
"","57.93","47.09",""
"","57.78","47.09",""
"","57.62","47.09",""
"","57.47","47.09",""
"","57.32","47.09",""
"","57.17","47.09",""
"","57.01","47.09",""
"","57.01","47.23",""
"","57.01","47.37",""
"","56.86","47.37",""
"","56.86","47.52",""
"","56.86","47.66",""
"","56.71","47.8",""
"","56.71","47.95",""
"","56.71","48.09",""
"","56.71","48.23",""
"","56.71","48.38",""
"","56.71","48.52",""
"","56.71","48.66",""
"","56.71","48.81",""
"","56.71","48.95",""
"","56.71","49.09",""
"","56.56","49.09",""
"","56.56","48.95",""
"","56.4","48.95",""
"","56.4","48.81",""
"","56.25","48.81",""
"","56.25","48.66",""
"","56.1","48.66",""
"","56.1","48.52",""
"","56.1","48.38",""
"","55.95","48.38",""
"","55.95","48.23",""
"","55.79","48.23",""
"","55.79","48.09",""
"","55.64","48.09",""
"","55.49","47.95",""
"","55.49","47.8",""
"","55.34","47.8",""
"","55.18","47.66",""
"","55.18","47.52",""
"","55.03","47.52",""
"","54.88","47.37",""
"","54.73","47.23",""
"","54.73","47.09",""
"","54.57","47.09",""
"","54.42","47.09",""
"","54.27","47.09",""
"","54.12","47.09",""
"","53.96","47.09",""
"","53.81","47.09",""
"","53.66","47.09",""
"","53.66","47.23",""
"","53.51","47.23",""
"","53.35","47.23",""
"","53.2","47.23",""
"","53.05","47.23",""
"","52.9","47.23",""
"","52.74","47.23",""
"","52.44","47.23",""
"","52.29","47.23",""
"","52.13","47.23",""
"","51.98","47.23",""
"","51.68","47.23",""
"","51.52","47.23",""
"","51.37","47.37",""
"","51.22","47.37",""
"","50.91","47.37",""
"","50.76","47.37",""
"","50.46","47.37",""
"","50.3","47.37",""
"","50.15","47.37",""
"","50","47.37",""
"","49.7","47.37",""
"","49.39","47.37",""
"","49.24","47.37",""
"","49.09","47.37",""
"","48.93","47.37",""
"","48.78","47.37",""
"","48.63","47.37",""
"","48.48","47.37",""
"","48.32","47.37",""
"","48.17","47.37",""
"","48.02","47.37",""
"","47.87","47.37",""
"","47.56","47.37",""
"","47.41","47.37",""
"","47.26","47.37",""
"","47.1","47.37",""
"","46.95","47.37",""
"","46.8","47.37",""
"","46.65","47.37",""
"","46.49","47.37",""
"","46.34","47.37",""
"","46.19","47.37",""
"","46.04","47.37",""
"","45.88","47.37",""
"","45.73","47.37",""
"","45.58","47.37",""
"","45.43","47.37",""
"","45.27","47.37",""
"","45.12","47.37",""
"","44.97","47.37",""
"","44.82","47.37",""
"","44.66","47.37",""
"","44.51","47.23",""
"","44.36","47.23",""
"","44.21","47.23",""
"","44.05","47.23",""
"","43.9","47.09",""
"","43.75","47.09",""
"","43.6","47.09",""
"","43.44","47.09",""
"","43.29","47.09",""
"","43.14","46.94",""
"","42.99","46.94",""
"","42.83","46.94",""
"","42.68","46.94",""
"","42.53","46.94",""
"","42.38","46.94",""
"","42.22","46.8",""
"","42.07","46.8",""
"","41.92","46.8",""
"","41.77","46.8",""
"","41.77","46.66",""
"","41.61","46.66",""
"","41.46","46.66",""
"","41.46","46.51",""
"","41.31","46.51",""
"","41.16","46.37",""
"","41","46.37",""
"","41","46.23",""
"","40.85","46.23",""
"","40.7","46.08",""
"","40.55","46.08",""
"","40.39","46.08",""
"","40.39","45.94",""
"","40.24","45.94",""
"","40.09","45.94",""
"","39.94","45.8",""
"","39.78","45.8",""
"","39.63","45.65",""
"","39.48","45.65",""
"","39.33","45.65",""
"","39.02","45.65",""
"","38.87","45.51",""
"","38.72","45.51",""
"","38.41","45.37",""
"","38.11","45.37",""
"","38.11","45.22",""
"","37.8","45.22",""
"","37.65","45.22",""
"","37.5","45.08",""
"","37.34","45.08",""
"","37.19","44.94",""
"","37.04","44.94",""
"","36.89","44.94",""
"","36.89","44.79",""
"","36.73","44.79",""
"","36.73","44.65",""
"","36.58","44.65",""
"","36.43","44.65",""
"","36.43","44.51",""
"","36.28","44.51",""
"","36.28","44.36",""
"","36.12","44.36",""
"","36.12","44.22",""
"","35.97","44.22",""
"","35.97","44.08",""
"","35.82","44.08",""
"","35.82","43.93",""
"","35.67","43.79",""
"","35.51","43.65",""
"","35.36","43.65",""
"","35.36","43.5",""
"","35.36","43.36",""
"","35.21","43.36",""
"","35.21","43.22",""
"","35.06","43.22",""
"","35.06","43.07",""
"","35.06","42.93",""
"","34.9","42.93",""
"","34.9","42.79",""
"","34.9","42.64",""
"","34.75","42.64",""
"","34.75","42.5",""
"","34.75","42.36",""
"","34.6","42.21",""
"","34.6","42.07",""
"","34.6","41.92",""
"","34.45","41.92",""
"","34.45","41.78",""
"","34.45","41.64",""
"","34.45","41.49",""
"","34.45","41.35",""
"","34.29","41.21",""
"","34.29","41.06",""
"","34.29","40.92",""
"","34.29","40.78",""
"","34.14","40.78",""
"","34.14","40.63",""
"","34.14","40.49",""
"","34.14","40.35",""
"","34.14","40.2",""
"","34.14","40.06",""
"","34.14","39.92",""
"","34.14","39.77",""
"","34.14","39.63",""
"","33.99","39.49",""
"","33.99","39.34",""
"","33.99","39.2",""
"","33.99","39.06",""
"","33.84","38.91",""
"","33.84","38.77",""
"","33.84","38.63",""
"","33.84","38.48",""
"","33.68","38.48",""
"","33.68","38.34",""
"","33.68","38.2",""
"","33.68","38.05",""
"","33.53","38.05",""
"","33.53","37.91",""
"","33.53","37.77",""
"","33.38","37.77",""
"","33.38","37.62",""
"","33.38","37.48",""
"","33.23","37.48",""
"","33.23","37.34",""
"","33.07","37.19",""
"","33.07","37.05",""
"","32.92","36.91",""
"","32.92","36.76",""
"","32.77","36.76",""
"","32.77","36.62",""
"","32.62","36.48",""
"","32.62","36.33",""
"","32.77","36.33",""
"","32.77","36.19",""
"","32.92","36.19",""
"","33.07","36.05",""
"","33.23","36.05",""
"","33.23","35.9",""
"","33.38","35.76",""
"","33.53","35.76",""
"","33.68","35.62",""
"","33.84","35.47",""
"","33.99","35.33",""
"","33.99","35.19",""
"","34.14","35.04",""
"","34.29","34.9",""
"","34.45","34.76",""
"","34.45","34.61",""
"","34.6","34.61",""
"","34.6","34.47",""
"","34.75","34.47",""
"","34.75","34.33",""
"","34.9","34.33",""
"","34.9","34.18",""
"","35.06","34.18",""
"","35.06","34.04",""
"","35.06","33.9",""
"","35.21","33.9",""
"","35.21","33.75",""
"","35.36","33.61",""
"","35.36","33.47",""
"","35.51","33.47",""
"","35.51","33.32",""
"","35.51","33.18",""
"","35.67","33.18",""
"","35.67","33.04",""
"","35.82","33.04",""
"","35.82","32.89",""
"","35.97","32.75",""
"","35.97","32.61",""
"","36.12","32.46",""
"","36.12","32.32",""
"","36.28","32.18",""
"","36.28","32.03",""
"","36.28","31.89",""
"","36.28","31.75",""
"","36.43","31.75",""
"","36.43","31.6",""
"","36.58","31.6",""
"","36.58","31.46",""
"","36.73","31.32",""
"","36.73","31.17",""
"","36.89","31.17",""
"","37.04","31.03",""
"","37.19","31.03",""
"","37.34","30.89",""
"","37.5","30.89",""
"","37.65","30.89",""
"","37.8","30.89",""
"","37.8","30.74",""
"","37.95","30.74",""
"","38.11","30.74",""
"","38.26","30.6",""
"","38.41","30.6",""
"","38.56","30.46",""
"","38.72","30.46",""
"","38.87","30.46",""
"","39.02","30.46",""
"","39.17","30.46",""
"","39.33","30.46",""
"","39.48","30.46",""
"","39.63","30.46",""
"","39.78","30.46",""
"","39.94","30.46",""
"","40.09","30.46",""
"","40.24","30.46",""
"","40.39","30.46",""
"","40.55","30.46",""
"","40.7","30.46",""
"","40.85","30.46",""
"","41","30.46",""
"","41.16","30.46",""
"","41.31","30.46",""
"","41.46","30.46",""
"","41.61","30.46",""
"","41.77","30.46",""
"","41.92","30.46",""
"","42.07","30.46",""
"","42.22","30.46",""
"","42.38","30.46",""
"","42.53","30.46",""
"","42.68","30.46",""
"","42.83","30.46",""
"","42.99","30.46",""
"","43.14","30.46",""
"","43.29","30.46",""
"","43.44","30.46",""
"","43.6","30.46",""
"","43.75","30.46",""
"","43.9","30.46",""
"","44.05","30.46",""
"","44.21","30.46",""
"","44.36","30.46",""
"","44.51","30.46",""
"","44.66","30.46",""
"","44.82","30.46",""
"","44.97","30.46",""
"","45.12","30.6",""
"","45.27","30.6",""
"","45.43","30.6",""
"","45.58","30.6",""
"","45.73","30.6",""
"","45.88","30.6",""
"","46.04","30.6",""
"","46.19","30.6",""
"","46.34","30.6",""
"","46.34","30.74",""
"","46.49","30.74",""
"","46.65","30.74",""
"","46.8","30.74",""
"","46.8","30.89",""
"","46.95","30.89",""
"","47.1","30.89",""
"","47.26","31.03",""
"","47.41","31.03",""
"","47.56","31.03",""
"","47.56","31.17",""
"","47.71","31.17",""
"","47.87","31.17",""
"","48.02","31.32",""
"","48.17","31.32",""
"","48.32","31.32",""
"","48.48","31.32",""
"","48.63","31.32",""
"","48.78","31.32",""
"","48.93","31.32",""
"","49.09","31.32",""
"","49.24","31.32",""
"","49.39","31.32",""
"","49.54","31.32",""
"","49.7","31.32",""
"","49.85","31.32",""
"","51.07","31.32",""
"","51.22","31.32",""
"","51.22","31.46",""
"","51.37","31.46",""
"","51.52","31.46",""
"","51.52","31.6",""
"","51.68","31.6",""
"","51.83","31.6",""
"","51.98","31.75",""
"","52.13","31.75",""
"","52.29","31.75",""
"","52.44","31.89",""
"","52.59","31.89",""
"","52.59","32.03",""
"","52.74","32.03",""
"","52.9","32.03",""
"","52.9","32.18",""
"","53.05","32.18",""
"","53.2","32.18",""
"","53.35","32.18",""
"","53.51","32.18",""
"","53.66","32.18",""
"","53.81","32.18",""
"","53.96","32.18",""
"","54.12","32.18",""
"","54.27","32.18",""
"","54.42","32.18",""
"","54.57","32.18",""
"","54.73","32.18",""
"","54.88","32.18",""
"","55.03","32.18",""
"","55.18","32.18",""
"","55.34","32.18",""
"","55.49","32.18",""
"","55.64","32.18",""
"","55.79","32.18",""
"","55.95","32.18",""
"","56.1","32.18",""
"","56.25","32.18",""
"","56.4","32.18",""
"","56.56","32.18",""
"","56.71","32.18",""
"","56.86","32.18",""
"","57.01","32.18",""
"","57.17","32.18",""
"","57.32","32.18",""
"","57.47","32.18",""
"","57.62","32.18",""
"","57.78","32.18",""
"","57.78","32.03",""
"","57.93","32.03",""
"","58.08","32.03",""
"","58.23","32.03",""
"","58.39","32.03",""
"","58.54","32.03",""
"","58.69","32.03",""
"","58.69","31.89",""
"","58.84","31.89",""
"","59","31.89",""
"","59.15","31.89",""
"","59.3","31.75",""
"","59.45","31.75",""
"","59.61","31.75",""
"","59.76","31.75",""
"","59.91","31.75",""
"","60.06","31.75",""
"","60.06","31.6",""
"","60.22","31.6",""
"","60.37","31.6",""
"","60.52","31.6",""
"","60.67","31.6",""
"","60.83","31.6",""
"","60.98","31.6",""
"","61.13","31.6",""
"","61.28","31.6",""
"","61.44","31.46",""
"","61.59","31.46",""
"","61.74","31.32",""
"","61.89","31.32",""
"","62.05","31.17",""
"","62.2","31.17",""
"","62.35","31.03",""
"","62.5","31.03",""
"","62.66","30.89",""
"","62.81","30.89",""
"","62.96","30.74",""
"","63.11","30.74",""
"","63.27","30.74",""
"","63.27","30.6",""
"","63.42","30.6",""
"","63.57","30.6",""
"","63.57","30.46",""
"","63.72","30.46",""
"","63.72","30.31",""
"","63.72","30.17",""
"","63.57","30.17",""
"","63.57","30.03",""
"","63.42","29.88",""
"","63.42","29.74",""
"","63.42","29.6",""
"","63.27","29.6",""
"","63.27","29.45",""
"","63.11","29.45",""
"","63.11","29.31",""
"","62.96","29.17",""
"","62.96","29.02",""
"","62.96","28.88",""
"","62.96","28.73",""
"","62.96","28.59",""
"","62.81","28.59",""
"","62.81","28.45",""
"","62.66","28.45",""
"","62.5","28.45",""
"","62.5","28.3",""
"","62.35","28.3",""
"","62.35","28.16",""
"","62.2","28.16",""
"","62.2","28.02",""
"","62.05","28.02",""
"","62.05","27.87",""
"","62.05","27.73",""
"","62.05","27.59",""
"","61.89","27.59",""
"","61.89","27.44",""
"","61.89","27.3",""
"","61.89","27.16",""
"","61.89","27.01",""
"","61.89","26.87",""
"","61.74","26.87",""
"","61.74","26.73",""
"","61.74","26.58",""
"","61.59","26.58",""
"","61.44","26.58",""
"","61.28","26.58",""
"","61.13","26.58",""
"","60.98","26.58",""
"","60.67","26.58",""
"","60.52","26.58",""
"","60.22","26.73",""
"","59.76","26.73",""
"","59.61","26.73",""
"","59.3","26.87",""
"","59","26.87",""
"","58.69","26.87",""
"","58.39","27.01",""
"","58.08","27.01",""
"","57.78","27.01",""
"","57.62","27.01",""
"","57.47","27.01",""
"","57.17","27.01",""
"","57.01","27.01",""
"","56.86","27.01",""
"","56.71","27.01",""
"","56.56","27.01",""
"","56.56","26.87",""
"","56.4","26.87",""
"","56.4","26.73",""
"","56.25","26.73",""
"","56.25","26.58",""
"","56.1","26.58",""
"","56.1","26.44",""
"","55.95","26.44",""
"","55.79","26.44",""
"","55.64","26.44",""
"","55.49","26.44",""
"","55.34","26.44",""
"","55.18","26.44",""
"","55.03","26.44",""
"","54.88","26.44",""
"","54.73","26.44",""
"","54.57","26.44",""
"","54.27","26.44",""
"","53.96","26.44",""
"","53.81","26.44",""
"","53.51","26.44",""
"","53.35","26.44",""
"","53.05","26.44",""
"","52.9","26.44",""
"","52.74","26.44",""
"","52.59","26.44",""
"","52.44","26.44",""
"","52.29","26.44",""
"","52.13","26.44",""
"","51.98","26.44",""
"","51.83","26.44",""
"","51.68","26.44",""
"","51.52","26.44",""
"","51.37","26.44",""
"","51.22","26.44",""
"","51.07","26.44",""
"","50.91","26.44",""
"","50.76","26.44",""
"","50.61","26.44",""
"","50.46","26.44",""
"","50.3","26.44",""
"","50","26.44",""
"","49.85","26.44",""
"","49.7","26.44",""
"","49.54","26.44",""
"","49.39","26.44",""
"","49.39","26.3",""
"","49.24","26.3",""
"","49.09","26.3",""
"","48.93","26.3",""
"","48.78","26.3",""
"","48.63","26.3",""
"","48.63","26.15",""
"","48.48","26.15",""
"","48.32","26.15",""
"","48.32","26.01",""
"","48.32","25.87",""
"","48.17","25.87",""
"","48.17","25.72",""
"","48.17","25.58",""
"","48.02","25.58",""
"","48.02","25.44",""
"","48.02","25.29",""
"","47.87","25.29",""
"","47.87","25.15",""
"","47.87","25.01",""
"","47.87","24.86",""
"","47.87","24.72",""
"","47.87","24.58",""
"","47.87","24.43",""
"","47.87","24.29",""
"","47.87","24.15",""
"","47.87","24",""
"","48.02","24",""
"","48.02","23.86",""
"","48.02","23.72",""
"","48.17","23.72",""
"","48.17","23.57",""
"","48.32","23.43",""
"","48.32","23.29",""
"","48.48","23.29",""
"","48.48","23.14",""
"","48.63","23",""
"","48.78","22.86",""
"","48.93","22.86",""
"","49.09","22.71",""
"","49.09","22.57",""
"","49.24","22.57",""
"","49.39","22.57",""
"","49.54","22.43",""
"","49.7","22.28",""
"","49.85","22.28",""
"","50","22.14",""
"","50.15","22",""
"","50.3","22",""
"","50.3","21.85",""
"","50.46","21.85",""
"","50.61","21.71",""
"","50.76","21.57",""
"","50.91","21.57",""
"","50.91","21.42",""
"","51.07","21.42",""
"","51.22","21.28",""
"","51.37","21.28",""
"","51.37","21.14",""
"","51.52","20.99",""
"","51.68","20.99",""
"","51.68","20.85",""
"","51.83","20.85",""
"","51.98","20.71",""
"","52.13","20.56",""
"","52.29","20.56",""
"","52.44","20.42",""
"","52.59","20.28",""
"","52.74","20.28",""
"","52.74","20.13",""
"","52.9","20.13",""
"","53.05","20.13",""
"","53.2","19.99",""
"","53.35","19.99",""
"","53.51","19.85",""
"","53.66","19.85",""
"","53.81","19.85",""
"","53.96","19.7",""
"","54.12","19.7",""
"","54.27","19.7",""
"","54.27","19.56",""
"","54.42","19.56",""
"","54.57","19.42",""
"","54.73","19.42",""
"","54.88","19.27",""
"","55.03","19.13",""
"","55.18","19.13",""
"","55.34","18.99",""
"","55.49","18.99",""
"","55.64","18.84",""
"","55.79","18.7",""
"","55.95","18.7",""
"","55.95","18.56",""
"","56.1","18.56",""
"","56.25","18.56",""
"","56.25","18.41",""
"","56.4","18.41",""
"","56.4","18.27",""
"","56.56","18.27",""
"","56.71","18.27",""
"","56.71","18.13",""
"","56.86","18.13",""
"","57.01","17.98",""
"","57.17","17.98",""
"","57.32","17.84",""
"","57.47","17.7",""
"","57.62","17.7",""
"","57.62","17.55",""
"","57.78","17.55",""
"","57.93","17.41",""
"","58.08","17.41",""
"","58.23","17.27",""
"","58.39","17.12",""
"","58.54","17.12",""
"","58.69","16.98",""
"","58.84","16.98",""
"","59","16.84",""
"","59.15","16.84",""
"","59.3","16.69",""
"","59.45","16.55",""
"","59.61","16.55",""
"","59.76","16.41",""
"","59.91","16.41",""
"","60.06","16.26",""
"","60.22","16.26",""
"","60.37","16.12",""
"","60.52","16.12",""
"","60.67","15.98",""
"","60.83","15.83",""
"","60.98","15.83",""
"","61.13","15.83",""
"","61.28","15.69",""
"","61.44","15.69",""
"","61.44","15.55",""
"","61.59","15.55",""
"","61.59","15.4",""
"","61.74","15.4",""
"","61.89","15.4",""
"","61.89","15.26",""
"","62.05","15.26",""
"","62.2","15.11",""
"","62.35","15.11",""
"","62.5","14.97",""
"","62.66","14.97",""
"","62.81","14.97",""
"","62.81","14.83",""
"","62.96","14.83",""
"","63.11","14.83",""
"","63.27","14.68",""
"","63.42","14.68",""
"","63.57","14.68",""
"","63.72","14.54",""
"","63.88","14.54",""
"","64.03","14.4",""
"","64.18","14.4",""
"","64.33","14.4",""
"","64.49","14.25",""
"","64.64","14.25",""
"","64.79","14.25",""
"","64.94","14.25",""
"","64.94","14.11",""
"","65.1","14.11",""
"","65.25","14.11",""
"","65.4","13.97",""
"","65.55","13.97",""
"","65.71","13.97",""
"","65.86","13.82",""
"","66.01","13.82",""
"","66.16","13.82",""
"","66.32","13.68",""
"","66.47","13.68",""
"","66.47","13.54",""
"","66.77","13.54",""
"","66.93","13.54",""
"","67.08","13.54",""
"","67.08","13.39",""
"","67.23","13.39",""
"","67.38","13.39",""
"","67.54","13.25",""
"","67.69","13.25",""
"","67.84","13.25",""
"","67.84","13.11",""
"","67.99","13.11",""
"","68.15","13.11",""
"","68.3","13.11",""
"","68.45","13.11",""
"","68.45","12.96",""
"","68.6","12.96",""
"","68.76","12.96",""
"","68.91","12.96",""
"","68.91","12.82",""
"","69.06","12.82",""
"","69.21","12.82",""
"","69.37","12.82",""
"","69.52","12.82",""
"","69.67","12.68",""
"","69.82","12.68",""
"","69.98","12.68",""
"","70.13","12.53",""
"","70.28","12.53",""
"","70.43","12.53",""
"","70.59","12.53",""
"","70.74","12.39",""
"","70.89","12.39",""
"","71.2","12.25",""
"","71.35","12.25",""
"","71.5","12.1",""
"","71.65","12.1",""
"","71.96","11.96",""
"","72.11","11.96",""
"","72.42","11.82",""
"","72.57","11.82",""
"","72.87","11.82",""
"","73.18","11.67",""
"","73.33","11.67",""
"","73.48","11.53",""
"","73.79","11.53",""
"","73.94","11.53",""
"","74.09","11.39",""
"","74.25","11.39",""
"","74.4","11.39",""
"","74.55","11.39",""
"","74.7","11.39",""
"","74.86","11.39",""
"","75.01","11.39",""
"","75.16","11.39",""
"","75.31","11.39",""
"","75.47","11.39",""
"","75.62","11.39",""
"","75.77","11.39",""
"","75.92","11.39",""
"","76.08","11.39",""
"","76.23","11.39",""
"","76.38","11.39",""
"","76.53","11.39",""
"","76.69","11.39",""
"","76.84","11.39",""
"","76.99","11.39",""
"","77.14","11.39",""
"","77.3","11.39",""
"","77.45","11.39",""
"","77.6","11.39",""
"","77.75","11.39",""
"","77.91","11.39",""
"","78.06","11.39",""
"","78.21","11.39",""
"","78.36","11.39",""
"","78.52","11.39",""
"","78.67","11.39",""
"","78.82","11.39",""
"","78.97","11.39",""
"","78.97","11.53",""
"","79.13","11.53",""
"","79.28","11.53",""
"","79.43","11.53",""
"","79.58","11.53",""
"","79.74","11.53",""
"","79.89","11.53",""
"","80.04","11.53",""
"","80.19","11.53",""
"","80.35","11.53",""
"","80.5","11.53",""
"","80.65","11.53",""
"","80.8","11.53",""
"","80.96","11.53",""
"","81.11","11.53",""
"","81.26","11.53",""
"","81.41","11.53",""
"","81.57","11.53",""
"","81.72","11.53",""
"","81.87","11.53",""
"","82.02","11.53",""
"","82.18","11.53",""
"","82.33","11.53",""
"","82.48","11.53",""
"","82.63","11.53",""
"","82.79","11.53",""
"","82.94","11.53",""
"","83.09","11.53",""
"","83.24","11.53",""
"","83.4","11.53",""
"","83.7","11.53",""
"","83.85","11.53",""
"","84.01","11.53",""
"","84.16","11.53",""
"","84.46","11.53",""
"","84.62","11.53",""
"","84.92","11.53",""
"","85.07","11.53",""
"","85.23","11.53",""
"","85.38","11.53",""
"","85.53","11.53",""
"","85.68","11.53",""
"","85.68","11.39",""
"","85.68","11.24",""
"","85.68","11.1",""
"","85.84","10.96",""
"","85.84","10.81",""
"","85.84","10.67",""
"","85.84","10.53",""
"","85.84","10.38",""
"","85.84","10.24",""
"","85.84","10.1",""
"","85.84","9.95",""
"","85.84","9.81",""
"","85.84","9.67",""
"","85.84","9.52",""
"","85.84","9.38",""
"","85.84","9.24",""
"","85.84","9.09",""
"","85.68","8.95",""
"","85.68","8.81",""
"","85.68","8.66",""
"","85.68","8.52",""
"","85.53","8.38",""
"","85.53","8.23",""
"","85.38","8.23",""
"","85.38","8.09",""
"","85.23","8.09",""
"","85.23","7.95",""
"","85.07","7.95",""
"","85.07","7.8",""
"","84.92","7.8",""
"","84.77","7.8",""
"","84.77","7.66",""
"","84.62","7.66",""
"","84.62","7.52",""
"","84.46","7.52",""
"","84.31","7.52",""
"","84.31","7.37",""
"","84.16","7.37",""
"","84.01","7.37",""
"","84.01","7.23",""
"","83.85","7.23",""
"","83.7","7.23",""
"","83.7","7.09",""
"","83.55","7.09",""
"","83.4","7.09",""
"","83.24","7.09",""
"","83.09","7.09",""
"","82.94","7.09",""
"","82.94","7.23",""
"","82.79","7.37",""
"","82.79","7.52",""
"","82.63","7.52",""
"","82.63","7.66",""
"","82.48","7.8",""
"","82.48","7.95",""
"","82.33","7.95",""
"","82.33","8.09",""
"","82.18","8.09",""
"","82.18","8.23",""
"","82.02","8.23",""
"","81.87","8.38",""
"","81.87","8.52",""
"","81.72","8.52",""
"","81.57","8.66",""
"","81.57","8.81",""
"","81.41","8.81",""
"","81.26","8.81",""
"","81.11","8.81",""
"","80.96","8.81",""
"","80.8","8.81",""
"","80.8","8.66",""
"","80.65","8.66",""
"","80.65","8.52",""
"","80.65","8.38",""
"","80.5","8.23",""
"","80.5","8.09",""
"","80.5","7.95",""
"","80.5","7.8",""
"","80.5","7.66",""
"","80.35","7.52",""
"","80.35","7.37",""
"","80.19","7.23",""
"","80.19","7.09",""
"","80.04","6.94",""
"","80.04","6.8",""
"","79.89","6.66",""
"","79.74","6.66",""
"","79.74","6.51",""
"","79.58","6.37",""
"","79.43","6.23",""
"","79.28","6.08",""
"","79.13","5.94",""
"","79.13","5.8",""
"","78.97","5.8",""
"","78.97","5.65",""
"","78.82","5.65",""
"","78.82","5.51",""
"","78.67","5.51",""
"","78.67","5.37",""
"","78.52","5.37",""
"","78.52","5.22",""
"","78.36","5.22",""
"","78.21","5.08",""
"","78.06","5.08",""
"","77.91","4.94",""
"","77.75","4.94",""
"","77.6","4.94",""
"","77.6","4.79",""
"","77.45","4.79",""
"","77.3","4.79",""
"","77.3","4.65",""
"","77.14","4.65",""
"","76.99","4.65",""
"","76.84","4.51",""
"","76.69","4.51",""
"","76.53","4.51",""
"","76.38","4.51",""
"","76.38","4.36",""
"","76.23","4.36",""
"","76.08","4.36",""
"","75.92","4.36",""
"","75.92","4.22",""
"","75.77","4.22",""
"","75.62","4.22",""
"","75.47","4.22",""
"","75.31","4.08",""
"","75.16","4.08",""
"","75.01","4.08",""
"","74.86","4.08",""
"","74.7","4.08",""
"","74.55","4.08",""
"","74.4","4.08",""
"","74.25","4.08",""
"","74.09","4.08",""
"","73.94","4.08",""
"","73.79","4.08",""
"","73.64","4.08",""
"","73.48","4.08",""
"","73.33","4.08",""
"","73.18","4.08",""
"","73.03","4.08",""
"","72.87","4.08",""
"","72.72","4.08",""
"","72.72","4.22",""
"","72.57","4.22",""
"","72.42","4.22",""
"","72.26","4.22",""
"","72.11","4.36",""
"","71.96","4.36",""
"","71.81","4.36",""
"","71.81","4.51",""
"","71.65","4.51",""
"","71.5","4.51",""
"","71.35","4.51",""
"","71.35","4.65",""
"","71.2","4.65",""
"","71.04","4.65",""
"","71.04","4.79",""
"","70.89","4.79",""
"","70.74","4.79",""
"","70.59","4.79",""
"","70.59","4.94",""
"","70.43","4.94",""
"","70.28","4.94",""
"","70.28","5.08",""
"","70.13","5.08",""
"","69.98","5.08",""
"","69.98","5.22",""
"","69.82","5.22",""
"","69.67","5.22",""
"","69.67","5.37",""
"","69.52","5.37",""
"","69.37","5.37",""
"","69.21","5.51",""
"","69.06","5.51",""
"","68.91","5.65",""
"","68.76","5.65",""
"","68.76","5.8",""
"","68.6","5.8",""
"","68.45","5.8",""
"","68.3","5.94",""
"","68.15","5.94",""
"","68.15","6.08",""
"","67.99","6.08",""
"","67.84","6.08",""
"","67.84","6.23",""
"","67.69","6.23",""
"","67.54","6.37",""
"","67.38","6.51",""
"","67.23","6.51",""
"","67.08","6.66",""
"","66.93","6.66",""
"","66.93","6.8",""
"","66.77","6.8",""
"","66.62","6.8",""
"","66.47","6.8",""
"","66.47","6.94",""
"","66.32","6.94",""
"","66.16","7.09",""
"","66.01","7.09",""
"","65.86","7.09",""
"","65.86","7.23",""
"","65.71","7.23",""
"","65.55","7.23",""
"","65.4","7.37",""
"","65.25","7.37",""
"","65.1","7.37",""
"","64.94","7.37",""
"","64.79","7.37",""
"","64.64","7.37",""
"","64.49","7.37",""
"","64.33","7.37",""
"","64.18","7.37",""
"","64.03","7.37",""
"","64.03","7.52",""
"","63.88","7.52",""
"","63.72","7.52",""
"","63.57","7.66",""
"","63.42","7.66",""
"","63.27","7.8",""
"","63.11","7.8",""
"","62.96","7.95",""
"","62.81","7.95",""
"","61.59","8.23",""
"","60.37","8.38",""
"","60.37","8.52",""
"","60.22","8.52",""
"","60.06","8.66",""
"","59.91","8.66",""
"","59.76","8.81",""
"","59.61","8.81",""
"","59.61","8.95",""
"","59.45","8.95",""
"","59.45","9.09",""
"","59.3","9.09",""
"","59.3","9.24",""
"","59.15","9.24",""
"","59","9.38",""
"","58.84","9.38",""
"","58.69","9.38",""
"","58.69","9.52",""
"","58.54","9.52",""
"","58.39","9.52",""
"","58.39","9.67",""
"","58.23","9.67",""
"","58.08","9.67",""
"","58.08","9.81",""
"","57.93","9.81",""
"","57.78","9.81",""
"","57.62","9.81",""
"","57.47","9.81",""
"","57.32","9.81",""
"","57.17","9.81",""
"","57.01","9.81",""
"","57.01","9.67",""
"","56.86","9.67",""
"","56.71","9.67",""
"","56.71","9.52",""
"","56.56","9.52",""
"","56.4","9.38",""
"","56.25","9.38",""
"","56.25","9.24",""
"","56.1","9.24",""
"","56.1","9.09",""
"","55.95","9.09",""
"","55.79","9.09",""
"","55.79","8.95",""
"","55.64","8.95",""
"","55.49","8.95",""
"","55.34","8.95",""
"","55.18","9.09",""
"","55.03","9.09",""
"","54.88","9.24",""
"","54.73","9.24",""
"","54.57","9.38",""
"","54.42","9.52",""
"","54.27","9.52",""
"","54.12","9.67",""
"","53.96","9.95",""
"","53.81","10.1",""
"","53.81","10.24",""
"","53.96","10.24",""
"","54.12","10.24",""
"","54.12","10.38",""
"","54.27","10.38",""
"","54.42","10.38",""
"","54.57","10.53",""
"","54.73","10.67",""
"","54.73","10.81",""
"","54.73","10.96",""
"","54.73","11.1",""
"","54.57","11.1",""
"","54.57","11.24",""
"","54.42","11.24",""
"","54.42","11.39",""
"","54.27","11.39",""
"","54.27","11.53",""
"","54.12","11.53",""
"","53.96","11.53",""
"","53.96","11.67",""
"","53.81","11.67",""
"","53.66","11.82",""
"","53.35","11.96",""
"","53.05","12.1",""
"","52.9","12.25",""
"","52.74","12.39",""
"","52.74","12.53",""
"","52.59","12.53",""
"","52.59","12.68",""
"","52.44","12.68",""
"","52.44","12.82",""
"","52.29","12.82",""
"","52.29","12.96",""
"","52.13","13.11",""
"","51.98","13.25",""
"","51.83","13.25",""
"","51.83","13.39",""
"","51.68","13.54",""
"","51.52","13.68",""
"","51.37","13.82",""
"","51.22","13.97",""
"","51.07","14.11",""
"","50.76","14.25",""
"","50.61","14.4",""
"","50.61","14.54",""
"","50.15","14.68",""
"","50","14.83",""
"","49.85","15.11",""
"","49.7","15.11",""
"","49.39","15.26",""
"","49.24","15.55",""
"","49.09","15.55",""
"","48.78","15.69",""
"","48.63","15.83",""
"","48.48","15.98",""
"","48.32","16.12",""
"","48.17","16.26",""
"","47.87","16.55",""
"","47.71","16.69",""
"","47.41","16.84",""
"","47.26","17.12",""
"","47.1","17.41",""
"","46.8","17.7",""
"","46.8","17.84",""
"","46.8","17.98",""
"","46.65","17.98",""
"","46.65","18.13",""
"","46.49","18.27",""
"","46.49","18.41",""
"","46.49","18.56",""
"","46.34","18.7",""
"","46.34","18.84",""
"","46.19","18.99",""
"","46.19","19.13",""
"","46.04","19.27",""
"","46.04","19.56",""
"","46.04","19.7",""
"","46.04","19.85",""
"","46.04","19.99",""
"","45.88","19.99",""
"","45.73","20.13",""
"","45.58","20.28",""
"","45.43","20.28",""
"","45.43","20.42",""
"","45.27","20.42",""
"","45.27","20.56",""
"","45.12","20.71",""
"","44.97","20.85",""
"","44.97","20.99",""
"","44.82","21.14",""
"","44.66","21.28",""
"","44.36","21.71",""
"","44.21","22",""
"","44.05","22.28",""
"","44.05","22.43",""
"","43.9","22.57",""
"","43.9","22.86",""
"","43.75","22.86",""
"","43.75","23",""
"","43.75","23.14",""
"","43.6","23.14",""
"","43.6","23.29",""
"","43.6","23.43",""
"","43.44","23.43",""
"","43.44","23.57",""
"","43.29","23.72",""
"","43.29","23.86",""
"","43.29","24",""
"","43.14","24",""
"","43.14","24.15",""
"","42.99","24.15",""
"","42.83","24.15",""
"","42.68","24.15",""
"","42.53","24.15",""
"","42.38","24.15",""
"","42.22","24.15",""
"","42.07","24.15",""
"","41.92","24.15",""
"","41.77","24.15",""
"","41.61","24.15",""
"","41.46","24.15",""
"","41.31","24.15",""
"","41.16","24.15",""
"","41","24.15",""
"","40.85","24.15",""
"","40.7","24.15",""
"","40.55","24.15",""
"","40.39","24.15",""
"","40.24","24.15",""
"","40.09","24.15",""
"","39.94","24.15",""
"","39.78","24.15",""
"","39.63","24.15",""
"","39.48","24.15",""
"","39.48","24.29",""
"","39.17","24.29",""
"","39.02","24.29",""
"","38.87","24.29",""
"","38.72","24.29",""
"","38.56","24.29",""
"","38.41","24.29",""
"","38.26","24.29",""
"","38.11","24.29",""
"","37.95","24.29",""
"","37.8","24.29",""
"","37.5","24.29",""
"","37.34","24.29",""
"","37.19","24.43",""
"","37.04","24.43",""
"","36.89","24.43",""
"","36.73","24.43",""
"","36.58","24.43",""
"","36.43","24.43",""
"","36.28","24.43",""
"","36.12","24.43",""
"","35.97","24.43",""
"","35.82","24.43",""
"","35.67","24.43",""
"","35.51","24.58",""
"","35.36","24.58",""
"","35.21","24.58",""
"","35.06","24.58",""
"","34.9","24.72",""
"","34.75","24.72",""
"","34.6","24.72",""
"","34.45","24.86",""
"","34.29","24.86",""
"","34.14","24.86",""
"","33.99","24.86",""
"","33.84","25.01",""
"","33.68","25.01",""
"","33.53","25.15",""
"","33.38","25.15",""
"","33.07","25.29",""
"","32.92","25.29",""
"","32.77","25.44",""
"","32.31","25.58",""
"","32.16","25.72",""
"","31.7","25.72",""
"","31.55","25.87",""
"","31.09","26.01",""
"","30.79","26.15",""
"","30.48","26.3",""
"","30.18","26.44",""
"","29.87","26.58",""
"","29.57","26.73",""
"","29.41","26.87",""
"","29.26","26.87",""
"","28.96","27.01",""
"","28.8","27.01",""
"","28.65","27.16",""
"","28.5","27.16",""
"","28.35","27.3",""
"","28.19","27.3",""
"","28.04","27.44",""
"","27.89","27.44",""
"","27.89","27.59",""
"","27.74","27.59",""
"","27.58","27.59",""
"","27.43","27.73",""
"","27.28","27.73",""
"","27.28","27.87",""
"","27.13","27.87",""
"","27.13","28.02",""
"","26.97","28.02",""
"","26.82","28.02",""
"","26.82","28.16",""
"","26.67","28.16",""
"","26.52","28.3",""
"","26.36","28.3",""
"","26.21","28.45",""
"","26.06","28.59",""
"","25.91","28.59",""
"","25.75","28.73",""
"","25.6","28.73",""
"","25.6","28.88",""
"","25.45","28.88",""
"","25.3","28.88",""
"","25.14","29.02",""
"","24.99","29.02",""
"","24.84","29.17",""
"","24.53","29.31",""
"","24.38","29.45",""
"","24.23","29.45",""
"","24.08","29.6",""
"","24.08","29.74",""
"","23.92","29.74",""
"","23.77","29.88",""
"","23.62","29.88",""
"","23.62","30.03",""
"","23.47","30.03",""
"","23.31","30.17",""
"","23.16","30.31",""
"","23.01","30.31",""
"","22.86","30.46",""
"","22.86","30.6",""
"","22.7","30.6",""
"","22.55","30.74",""
"","22.55","30.89",""
"","22.4","30.89",""
"","22.25","30.89",""
"","22.25","31.03",""
"","22.09","31.03",""
"","21.94","31.17",""
"","21.79","31.32",""
"","21.64","31.46",""
"","21.48","31.6",""
"","21.48","31.75",""
"","21.33","31.75",""
"","21.33","31.89",""
"","21.18","31.89",""
"","21.18","32.03",""
"","21.18","32.18",""
"","21.03","32.18",""
"","21.03","32.32",""
"","20.87","32.46",""
"","20.72","32.75",""
"","20.72","32.89",""
"","20.57","33.04",""
"","20.26","33.32",""
"","20.26","33.61",""
"","20.11","33.75",""
"","19.96","33.9",""
"","19.96","34.18",""
"","19.81","34.33",""
"","19.81","34.47",""
"","19.81","34.61",""
"","19.65","34.9",""
"","19.5","35.19",""
"","19.5","35.47",""
"","19.35","35.62",""
"","19.2","36.05",""
"","19.2","36.33",""
"","18.89","36.76",""
"","18.89","37.19",""
"","18.89","37.48",""
"","18.89","38.05",""
"","18.89","38.48",""
"","18.89","38.77",""
"","18.89","38.91",""
"","18.74","39.06",""
"","18.59","39.2",""
"","18.43","39.34",""
"","18.43","39.49",""
"","18.28","39.49",""
"","18.28","39.63",""
"","18.28","39.77",""
"","18.13","39.77",""
"","18.13","39.92",""
"","18.13","40.06",""
"","17.98","40.06",""
"","17.98","40.2",""
"","17.82","40.35",""
"","17.82","40.49",""
"","17.67","40.63",""
"","17.52","40.78",""
"","17.52","40.92",""
"","17.52","41.06",""
"","17.37","41.06",""
"","17.37","41.21",""
"","17.37","41.35",""
"","17.21","41.35",""
"","17.21","41.49",""
"","17.21","41.64",""
"","17.21","41.78",""
"","17.06","41.78",""
"","17.06","41.92",""
"","17.06","42.07",""
"","17.06","42.21",""
"","17.06","42.36",""
"","16.91","42.5",""
"","16.91","42.64",""
"","16.91","42.79",""
"","16.76","42.79",""
"","16.76","42.93",""
"","16.6","43.07",""
"","16.6","43.22",""
"","16.6","43.36",""
"","16.45","43.36",""
"","16.45","43.5",""
"","16.45","43.65",""
"","16.45","43.79",""
"","16.3","43.93",""
"","16.3","44.22",""
"","16.15","44.36",""
"","16.15","44.51",""
"","15.99","44.79",""
"","15.99","44.94",""
"","15.99","45.08",""
"","15.84","45.22",""
"","15.84","45.37",""
"","15.84","45.51",""
"","15.69","45.65",""
"","15.54","45.8",""
"","15.54","45.94",""
"","15.54","46.08",""
"","15.38","46.23",""
"","15.38","46.37",""
"","15.23","46.66",""
"","15.08","46.94",""
"","15.08","47.09",""
"","14.93","47.23",""
"","14.93","47.37",""
"","14.77","47.52",""
"","14.77","47.66",""
"","14.77","47.8",""
"","14.77","47.95",""
"","14.62","47.95",""
"","14.62","48.09",""
"","14.62","48.23",""
"","14.47","48.38",""
"","14.47","48.52",""
"","14.47","48.66",""
"","14.47","48.81",""
"","14.32","48.95",""
"","14.32","49.09",""
"","14.32","49.24",""
"","14.32","49.38",""
"","14.32","49.67",""
"","14.32","49.81",""
"","14.16","49.95",""
"","14.16","50.24",""
"","14.16","50.53",""
"","14.01","50.53",""
"","14.01","50.67",""
"","14.01","50.81",""
"","14.01","50.96",""
"","14.01","51.1",""
"","14.01","51.24",""
"","14.01","51.39",""
"","13.86","51.53",""
"","13.86","51.67",""
"","13.86","51.82",""
"","13.86","51.96",""
"","13.86","52.1",""
"","13.86","52.25",""
"","13.86","52.39",""
"","13.86","52.53",""
"","13.86","52.68",""
"","13.86","52.82",""
"","13.86","52.96",""
"","13.86","53.11",""
"","14.01","53.11",""
"","14.01","53.25",""
"","14.01","53.39",""
"","14.01","53.54",""
"","14.16","53.68",""
"","14.16","53.82",""
"","14.16","54.11",""
"","14.16","54.25",""
"","14.32","54.54",""
"","14.32","54.68",""
"","14.32","54.83",""
"","14.32","54.97",""
"","14.32","55.26",""
"","14.32","55.55",""
"","14.32","55.83",""
"","14.32","56.12",""
"","14.32","56.26",""
"","14.47","56.69",""
"","14.47","56.84",""
"","14.62","57.12",""
"","14.62","57.41",""
"","14.93","58.7",""
